name,price,stock
"
            【EN】《野生の言葉/Words of Wilding》[ONS] 緑R        ",¥ 180,【NM 在庫:5】
"
            【EN】《謎めいた門/Cryptic Gateway》[ONS] 茶R        ",¥ 180,【NM 在庫:0】
"
            【EN】《系図の石版/Slate of Ancestry》[ONS] 茶R        ",¥ 180,【NM 在庫:15】
"
            【EN】《ワイアウッドの番小屋/Wirewood Lodge》[ONS] 土地U        ",¥ 180,【NM 在庫:5】
"
            【JP】《セファリッドの警官/Cephalid Constable》[JUD] 青R        ",¥ 180,【NM 在庫:0】
"
            【EN】《呪文乗っ取り/Spelljack》[JUD] 青R        ",¥ 180,【NM 在庫:10】
"
            【JP】《汚らわしき者バルソー/Balthor the Defiled》[JUD] 黒R        ",¥ 280,【NM 在庫:0】
"
            【EN】《種蒔き時/Seedtime》[JUD] 緑R        ",¥ 180,【NM 在庫:0】
"
            【EN】《狩猟場/Hunting Grounds》[JUD] 金R        ",¥ 680,【NM 在庫:0】
"
            【EN】《ミラーリの目覚め/Mirari's Wake》[JUD] 金R        ","¥ 1,280",【NM 在庫:9】
"
            【JP】《狂気を操る者チェイナー/Chainer, Dementia Master》[TOR] 黒R        ",¥ 180,【NM 在庫:10】
"
            【EN】《平行進化/Parallel Evolution》[TOR] 緑R        ",¥ 180,【NM 在庫:0】
"
            【EN】《チェイナーの布告/Chainer's Edict》[TOR] 黒U        ",¥ 180,【NM 在庫:14】
"
            【EN】《心の傷跡/Traumatize》[ODY] 青R        ",¥ 180,【NM 在庫:13】
"
            【EN】《精神を刻むもの/Mindslicer》[ODY] 黒R        ",¥ 480,【NM 在庫:0】
"
            【JP】《偶然の出合い/Chance Encounter》[ODY] 赤R        ",¥ 180,【NM 在庫:17】
"
            【EN】《広漠なるスカイクラウド/Skycloud Expanse》[ODY] 土地R        ",¥ 280,【NM 在庫:5】
"
            【EN】《入念な研究/Careful Study》[ODY] 青C        ",¥ 180,【NM 在庫:36】
"
            【EN】《ファイレクシアの闘技場/Phyrexian Arena》[APC] 黒R        ",¥ 680,【NM 在庫:0】
"
            【EN】《破滅的な行為/Pernicious Deed》[APC] 金R        ",¥ 280,【NM 在庫:0】
"
            【EN】《名誉回復/Vindicate》[APC] 金R        ",¥ 280,【NM 在庫:0】
"
            【EN】《木立ちの守護者ネマタ/Nemata, Grove Guardian》[PLS] 緑R        ",¥ 180,【NM 在庫:0】
"
            【EN】《ファイレクシアの暴政/Phyrexian Tyranny》[PLS] 金R        ",¥ 280,【NM 在庫:0】
"
            【JP】《集団監禁/Collective Restraint》[INV] 青R        ",¥ 180,【NM 在庫:9】
"
            【EN】《マナの迷路/Mana Maze》[INV] 青R        ",¥ 180,【NM 在庫:6】
"
            【EN】《ウルザのろ過器/Urza's Filter》[INV] 茶R        ",¥ 180,【NM 在庫:0】
"
            【EN】《預言する妖術使い/Divining Witch》[NEM] 黒R        ",¥ 180,【NM 在庫:12】
"
            【EN】《地形形成装置/Terrain Generator》[NEM] 土地U        ",¥ 180,【NM 在庫:3】
"
            【JP】《闇市場/Black Market》[MMQ] 黒R        ",¥ 180,【NM 在庫:9】
"
            【JP】《奸謀/Conspiracy》[MMQ] 黒R        ",¥ 180,【NM 在庫:7】
"
            【JP】《高級市場/High Market》[MMQ] 土地R        ",¥ 180,【NM 在庫:9】
"
            【JP】《渦まく知識/Brainstorm》[MMQ] 青C        ",¥ 280,【NM 在庫:2】
"
            【EN】《魂のカーニバル/Carnival of Souls》[UDS] 黒R        ",¥ 180,【NM 在庫:8】
"
            【EN】《保管庫集合所/Storage Matrix》[UDS] 茶R        ",¥ 180,【NM 在庫:19】
"
            【JP】《スランの発電機/Thran Dynamo》[UDS] 茶U        ",¥ 180,【NM 在庫:16】
"
            【JP】■拡張アート■《影槍/Shadowspear》[THB-BF] 茶R        ",¥ 580,【NM 在庫:39】
"
            【EN】《中心部の防衛/Defense of the Heart》[ULG] 緑R        ",¥ 680,【NM 在庫:0】
"
            【JP】《狭い空間/Crawlspace》[ULG] 茶R        ",¥ 280,【NM 在庫:10】
"
            【EN】《ルーンの母/Mother of Runes》[ULG] 白U        ",¥ 180,【NM 在庫:7】
"
            【JP】《ルーンの母/Mother of Runes》[ULG] 白U        ",¥ 180,【NM 在庫:9】
"
            【JP】《崇拝/Worship》[USG] 白R        ",¥ 180,【NM 在庫:10】
"
            【EN】《調律/Attunement》[USG] 青R        ",¥ 180,【NM 在庫:15】
"
            【EN】《隔離/Sunder》[USG] 青R        ",¥ 280,【NM 在庫:0】
"
            【EN】《稲妻のドラゴン/Lightning Dragon》[USG] 赤R        ",¥ 280,【NM 在庫:0】
"
            【EN】《認識のはかり/Noetic Scales》[USG] 茶R        ",¥ 180,【NM 在庫:6】
"
            【EN】《束の間の開口/Temporal Aperture》[USG] 茶R        ",¥ 180,【NM 在庫:20】
"
            【JP】《転換/Turnabout》[USG] 青U        ",¥ 180,【NM 在庫:19】
"
            【EN】《汚物の雨/Rain of Filth》[USG] 黒U        ",¥ 180,【NM 在庫:0】
"
            【JP】《ティタニアの僧侶/Priest of Titania》[USG] 緑C        ",¥ 180,【NM 在庫:13】
"
            【JP】《移ろいの門/Erratic Portal》[EXO] 茶R        ",¥ 180,【NM 在庫:18】
"
            【EN】《呪文ショック/Spellshock》[EXO] 赤U        ",¥ 180,【NM 在庫:0】
"
            【EN】《脱出/Evacuation》[STH] 青R        ",¥ 280,【NM 在庫:12】
"
            【JP】《墓穴までの契約/Grave Pact》[STH] 黒R        ",¥ 580,【NM 在庫:9】
"
            【EN】《侵入警報/Intruder Alarm》[STH] 青R        ",¥ 680,【NM 在庫:0】
"
            【EN】《破滅/Ruination》[STH] 赤R        ",¥ 280,【NM 在庫:0】
"
            【EN】《黙示録/Apocalypse》[TMP] 赤R        ",¥ 180,【NM 在庫:14】
"
            【JP】《葉の王エラダムリー/Eladamri, Lord of Leaves》[TMP] 緑R        ",¥ 580,【NM 在庫:9】
"
            【EN】《ラースの灼熱洞/Furnace of Rath》[TMP] 赤R        ",¥ 180,【NM 在庫:0】
"
            【EN】《マナ切り離し/Mana Severance》[TMP] 青R        ",¥ 280,【NM 在庫:0】
"
            【JP】《瞑想/Meditate》[TMP] 青R        ",¥ 180,【NM 在庫:6】
"
            【EN】《真珠の大メダル/Pearl Medallion》[TMP] 茶R        ",¥ 580,【NM 在庫:0】
"
            【JP】■拡張アート■《奔放の神殿/Temple of Abandon》[THB-BF] 土地R        ",¥ 180,【NM 在庫:56】
"
            【JP】■拡張アート■《欺瞞の神殿/Temple of Deceit》[THB-BF] 土地R        ",¥ 380,【NM 在庫:47】
"
            【JP】■拡張アート■《啓蒙の神殿/Temple of Enlightenment》[THB-BF] 土地R        ",¥ 280,【NM 在庫:56】
"
            【JP】■拡張アート■《悪意の神殿/Temple of Malice》[THB-BF] 土地R        ",¥ 180,【NM 在庫:47】
"
            【JP】■拡張アート■《豊潤の神殿/Temple of Plenty》[THB-BF] 土地R        ",¥ 180,【NM 在庫:34】
"
            【EN】《魅力的な王子/Charming Prince》[ELD] 白R        ",¥ 180,【NM 在庫:40】
"
            【JP】《魅力的な王子/Charming Prince》[ELD] 白R        ",¥ 180,【NM 在庫:10】
"
            【JP】《静寂をもたらすもの/Hushbringer》[ELD] 白R        ",¥ 180,【NM 在庫:32】
"
            【JP】《湖に潜む者、エムリー/Emry, Lurker of the Loch》[ELD] 青R        ",¥ 180,【NM 在庫:34】
"
            【EN】《残忍な騎士/Murderous Rider》[ELD] 黒R        ",¥ 180,【NM 在庫:42】
"
            【EN】《エンバレスの宝剣/Embercleave》[ELD] 赤R        ","¥ 1,080",【NM 在庫:30】
"
            【JP】《熱烈な勇者/Fervent Champion》[ELD] 赤R        ",¥ 180,【NM 在庫:42】
"
            【JP】《金のガチョウ/Gilded Goose》[ELD] 緑R        ",¥ 580,【NM 在庫:2】
"
            【JP】《呪われた狩人、ガラク/Garruk, Cursed Huntsman》[ELD] 金R        ",¥ 180,【NM 在庫:37】
"
            【JP】《王家の跡継ぎ/The Royal Scions》[ELD] 金R        ",¥ 680,【NM 在庫:25】
"
            【EN】《石とぐろの海蛇/Stonecoil Serpent》[ELD] 茶R        ",¥ 680,【NM 在庫:12】
"
            【JP】《石とぐろの海蛇/Stonecoil Serpent》[ELD] 茶R        ",¥ 780,【NM 在庫:52】
"
            【JP】《アーデンベイル城/Castle Ardenvale》[ELD] 土地R        ",¥ 180,【NM 在庫:22】
"
            【JP】《ロークスワイン城/Castle Locthwain》[ELD] 土地R        ",¥ 380,【NM 在庫:36】
"
            【JP】《煌めくドラゴン/Shimmer Dragon》[ELD-BRAWL] 青R        ",¥ 280,【NM 在庫:0】
"
            【EN】《神秘の論争/Mystical Dispute》[ELD] 青U        ",¥ 280,【NM 在庫:73】
"
            【EN】《秘儀の印鑑/Arcane Signet》[ELD-BRAWL] 茶C        ",¥ 480,【NM 在庫:25】
"
            【JP】■拡張アート■《静寂をもたらすもの/Hushbringer》339 [ELD-BF] 白R        ",¥ 180,【NM 在庫:15】
"
            【EN】■ショーケース■《願いのフェイ/Fae of Wishes》282 [ELD-BF] 青R        ",¥ 180,【NM 在庫:15】
"
            【JP】■ショーケース■《願いのフェイ/Fae of Wishes》282 [ELD-BF] 青R        ",¥ 180,【NM 在庫:59】
"
            【EN】■ショーケース■《残忍な騎士/Murderous Rider》287 [ELD-BF] 黒R        ",¥ 280,【NM 在庫:3】
"
            【JP】■ショーケース■《残忍な騎士/Murderous Rider》287 [ELD-BF] 黒R        ",¥ 280,【NM 在庫:26】
"
            【JP】■拡張アート■《願い爪のタリスマン/Wishclaw Talisman》357 [ELD-BF] 黒R        ",¥ 380,【NM 在庫:17】
"
            【JP】■ショーケース■《砕骨の巨人/Bonecrusher Giant》291 [ELD-BF] 赤R        ",¥ 280,【NM 在庫:21】
"
            【JP】■拡張アート■《僻境生まれの保護者/Wildborn Preserver》375 [ELD-BF] 緑R        ",¥ 180,【NM 在庫:22】
"
            【JP】■拡張アート■《ギャレンブリグの領主、ヨルヴォ/Yorvo, Lord of Garenbrig》376 [ELD-BF] 緑R        ",¥ 180,【NM 在庫:14】
"
            【JP】■拡張アート■《屋敷の踊り/Dance of the Manse》377 [ELD-BF] 金R        ",¥ 180,【NM 在庫:25】
"
            【JP】■拡張アート■《僻境への脱出/Escape to the Wilds》379 [ELD-BF] 金R        ",¥ 180,【NM 在庫:16】
"
            【JP】■拡張アート■《王家の跡継ぎ/The Royal Scions》272 [ELD-BF] 金R        ",¥ 780,【NM 在庫:15】
"
            【JP】《帰還した王、ケンリス/Kenrith, the Returned King》303 [ELD-BF] 白R        ",¥ 280,【NM 在庫:22】
"
            【JP】《群れの力、アジャニ/Ajani, Strength of the Pride》[M20] 白R        ",¥ 680,【NM 在庫:12】
"
            【JP】《風の騎兵/Cavalier of Gales》[M20] 青R        ",¥ 180,【NM 在庫:16】
"
            【EN】《予期の力線/Leyline of Anticipation》[M20] 青R        ",¥ 380,【NM 在庫:7】
"
            【JP】《予期の力線/Leyline of Anticipation》[M20] 青R        ",¥ 180,【NM 在庫:29】
"
            【JP】《空の踊り手、ムー・ヤンリン/Mu Yanling, Sky Dancer》[M20] 青R        ",¥ 380,【NM 在庫:12】
"
            【EN】《朽ちゆくレギサウルス/Rotting Regisaur》[M20] 黒R        ",¥ 680,【NM 在庫:8】
"
            【EN】《対称な対応/Scheming Symmetry》[M20] 黒R        ",¥ 180,【NM 在庫:21】
"
            【EN】《血の取引者、ヴィリス/Vilis, Broker of Blood》[M20] 黒R        ",¥ 180,【NM 在庫:48】
"
            【JP】《目覚めた猛火、チャンドラ/Chandra, Awakened Inferno》[M20] 赤R        ","¥ 1,280",【NM 在庫:8】
"
            【EN】《無法の猛竜/Marauding Raptor》[M20] 赤R        ",¥ 180,【NM 在庫:15】
"
            【EN】《風の憤怒、カイカ/Kykar, Wind's Fury》[M20] 金R        ",¥ 180,【NM 在庫:10】
"
            【JP】《墓掘りの檻/Grafdigger's Cage》[M20] 茶R        ",¥ 580,【NM 在庫:40】
"
            【EN】《祖先の象徴/Icon of Ancestry》[M20] 茶R        ",¥ 180,【NM 在庫:23】
"
            【JP】《鋼の監視者/Steel Overseer》[M20] 茶R        ",¥ 180,【NM 在庫:9】
"
            【JP】《死者の原野/Field of the Dead》[M20] 土地R        ",¥ 380,【NM 在庫:15】
"
            【JP】《天啓の神殿/Temple of Epiphany》[M20] 土地R        ",¥ 380,【NM 在庫:16】
"
            【EN】《疾病の神殿/Temple of Malady》[M20] 土地R        ",¥ 180,【NM 在庫:77】
"
            【JP】《疾病の神殿/Temple of Malady》[M20] 土地R        ",¥ 180,【NM 在庫:82】
"
            【EN】《静寂の神殿/Temple of Silence》[M20] 土地R        ",¥ 180,【NM 在庫:27】
"
            【JP】《静寂の神殿/Temple of Silence》[M20] 土地R        ",¥ 180,【NM 在庫:33】
"
            【EN】《害悪な掌握/Noxious Grasp》[M20] 黒U        ",¥ 180,【NM 在庫:37】
"
            【JP】《夏の帳/Veil of Summer》[M20] 緑U        ",¥ 280,【NM 在庫:50】
"
            【JP】《否認/Negate》[PRM] 青        ",¥ 180,【NM 在庫:39】
"
            【JP】■絵違い■《大いなる創造者、カーン/Karn, the Great Creator》[WAR] 無R        ",¥ 980,【NM 在庫:27】
"
            【EN】《炎跡のフェニックス/Flamewake Phoenix》[FRF] 赤R        ",¥ 180,【NM 在庫:22】
"
            【JP】《炎跡のフェニックス/Flamewake Phoenix》[FRF] 赤R        ",¥ 180,【NM 在庫:21】
"
            【EN】《乱撃斬/Wild Slash》[FRF] 赤U        ",¥ 280,【NM 在庫:79】
"
            【JP】《時を越えた探索/Dig Through Time》[KTK] 青R        ",¥ 380,【NM 在庫:35】
"
            【JP】《硬化した鱗/Hardened Scales》[KTK] 緑R        ",¥ 280,【NM 在庫:33】
"
            【JP】《通行の神、エイスリオス/Athreos, God of Passage》[JOU] 金R        ",¥ 680,【NM 在庫:15】
"
            【JP】《嵐の神、ケラノス/Keranos, God of Storms》[JOU] 金R        ",¥ 480,【NM 在庫:16】
"
            【JP】《クルフィックスの狩猟者/Courser of Kruphix》[BNG] 緑R        ",¥ 480,【NM 在庫:24】
"
            【JP】《太陽の勇者、エルズペス/Elspeth, Sun's Champion》[THS] 白R        ",¥ 780,【NM 在庫:15】
"
            【JP】《波使い/Master of Waves》[THS] 青R        ",¥ 280,【NM 在庫:31】
"
            【JP】《白鳥の歌/Swan Song》[THS] 青R        ",¥ 280,【NM 在庫:35】
"
            【JP】《海の神、タッサ/Thassa, God of the Sea》[THS] 青R        ",¥ 580,【NM 在庫:15】
"
            【JP】《死者の神、エレボス/Erebos, God of the Dead》[THS] 黒R        ",¥ 180,【NM 在庫:20】
"
            【JP】《英雄の破滅/Hero's Downfall》[THS] 黒R        ",¥ 380,【NM 在庫:28】
"
            【JP】《思考囲い/Thoughtseize》[THS] 黒R        ","¥ 3,280",【NM 在庫:24】
"
            【EN】《神々の憤怒/Anger of the Gods》[THS] 赤R        ",¥ 280,【NM 在庫:12】
"
            【JP】《神々の憤怒/Anger of the Gods》[THS] 赤R        ",¥ 280,【NM 在庫:42】
"
            【JP】《嵐の息吹のドラゴン/Stormbreath Dragon》[THS] 赤R        ",¥ 180,【NM 在庫:19】
"
            【JP】《狩猟の神、ナイレア/Nylea, God of the Hunt》[THS] 緑R        ",¥ 180,【NM 在庫:12】
"
            【JP】《歓楽者ゼナゴス/Xenagos, the Reveler》[THS] 金R        ",¥ 180,【NM 在庫:30】
"
            【EN】《ニクスの祭殿、ニクソス/Nykthos, Shrine to Nyx》[THS] 土地R        ","¥ 2,380",【NM 在庫:18】
"
            【JP】《ニクスの祭殿、ニクソス/Nykthos, Shrine to Nyx》[THS] 土地R        ","¥ 2,380",【NM 在庫:20】
"
            【EN】《摩耗+損耗/Wear+Tear》[DGM] 分U        ",¥ 280,【NM 在庫:32】
"
            【JP】《軍勢の忠節者/Legion Loyalist》[GTC] 赤R        ",¥ 380,【NM 在庫:6】
"
            【EN】《サイクロンの裂け目/Cyclonic Rift》[RTR] 青R        ","¥ 2,880",【NM 在庫:18】
"
            【JP】《思考を築く者、ジェイス/Jace, Architect of Thought》[RTR] 青R        ",¥ 280,【NM 在庫:20】
"
            【JP】《拘留の宝球/Detention Sphere》[RTR] 金R        ",¥ 180,【NM 在庫:24】
"
            【JP】《戦慄掘り/Dreadbore》[RTR] 金R        ",¥ 280,【NM 在庫:19】
"
            【EN】《スフィンクスの啓示/Sphinx's Revelation》[RTR] 金R        ",¥ 380,【NM 在庫:14】
"
            【JP】《スフィンクスの啓示/Sphinx's Revelation》[RTR] 金R        ",¥ 380,【NM 在庫:12】
"
            【JP】《死儀礼のシャーマン/Deathrite Shaman》[RTR] 混R        ",¥ 380,【NM 在庫:11】
"
            【JP】■絵違い■《人知を超えるもの、ウギン/Ugin, the Ineffable》[WAR] 無R        ",¥ 280,【NM 在庫:30】
"
            【JP】《貪欲な罠/Ravenous Trap》[ZEN] 黒U        ",¥ 180,【NM 在庫:29】
"
            【JP】《氷河の城砦/Glacial Fortress》[XLN] 土地R        ",¥ 580,【NM 在庫:15】
"
            【EN】《イニストラードの君主、ソリン/Sorin, Lord of Innistrad》[DKA] 金R        ",¥ 380,【NM 在庫:0】
"
            【JP】《若き狼/Young Wolf》[DKA] 緑C        ",¥ 180,【NM 在庫:21】
"
            【JP】《似通った生命/Parallel Lives》[ISD] 緑R        ",¥ 580,【NM 在庫:15】
"
            【JP】《魔女封じの宝珠/Witchbane Orb》[ISD] 茶R        ",¥ 280,【NM 在庫:12】
"
            【EN】《ガヴォニーの居住区/Gavony Township》[ISD] 土地R        ",¥ 180,【NM 在庫:19】
"
            【JP】《アヴァブルックの町長/Mayor of Avabruck》/《吠え群れの頭目/Howlpack Alpha》[ISD] 緑R        ",¥ 180,【NM 在庫:12】
"
            【EN】《秘密を掘り下げる者/Delver of Secrets》/《昆虫の逸脱者/Insectile Aberration》[ISD] 青C        ",¥ 280,【NM 在庫:75】
"
            【JP】《絡み森の大長/Chancellor of the Tangle》[NPH] 緑R        ",¥ 280,【NM 在庫:15】
"
            【JP】《内にいる獣/Beast Within》[NPH] 緑U        ",¥ 180,【NM 在庫:30】
"
            【EN】《ミラディンの十字軍/Mirran Crusader》[MBS] 白R        ",¥ 180,【NM 在庫:15】
"
            【JP】《ミラディンの十字軍/Mirran Crusader》[MBS] 白R        ",¥ 180,【NM 在庫:23】
"
            【JP】《黒の太陽の頂点/Black Sun's Zenith》[MBS] 黒R        ",¥ 180,【NM 在庫:24】
"
            【EN】《ファイレクシアの十字軍/Phyrexian Crusader》[MBS] 黒R        ",¥ 580,【NM 在庫:10】
"
            【JP】《叫び角笛/Shriekhorn》[MBS] 茶C        ",¥ 280,【NM 在庫:18】
"
            【JP】《エルズペス・ティレル/Elspeth Tirel》[SOM] 白R        ",¥ 380,【NM 在庫:13】
"
            【EN】《槌のコス/Koth of the Hammer》[SOM] 赤R        ",¥ 480,【NM 在庫:13】
"
            【JP】《伝染病エンジン/Contagion Engine》[SOM] 茶R        ",¥ 180,【NM 在庫:12】
"
            【JP】《漸増爆弾/Ratchet Bomb》[SOM] 茶R        ",¥ 480,【NM 在庫:14】
"
            【EN】《メムナイト/Memnite》[SOM] 茶U        ",¥ 180,【NM 在庫:21】
"
            【JP】《メムナイト/Memnite》[SOM] 茶U        ",¥ 180,【NM 在庫:21】
"
            【JP】《ゲスの玉座/Throne of Geth》[SOM] 茶U        ",¥ 280,【NM 在庫:16】
"
            【JP】《背くもの/It That Betrays》[ROE] 無R        ",¥ 380,【NM 在庫:6】
"
            【EN】《古きものの活性/Ancient Stirrings》[ROE] 緑C        ",¥ 280,【NM 在庫:25】
"
            【EN】《焼尽の猛火/Searing Blaze》[WWK] 赤C        ",¥ 180,【NM 在庫:38】
"
            【JP】《焼尽の猛火/Searing Blaze》[WWK] 赤C        ",¥ 180,【NM 在庫:65】
"
            【JP】《血の長の昇天/Bloodchief Ascension》[ZEN] 黒R        ",¥ 480,【NM 在庫:16】
"
            【JP】《ソリン・マルコフ/Sorin Markov》[ZEN] 黒R        ",¥ 480,【NM 在庫:16】
"
            【JP】《空の遺跡、エメリア/Emeria, the Sky Ruin》[ZEN] 土地R        ",¥ 380,【NM 在庫:20】
"
            【JP】《面晶体のカニ/Hedron Crab》[ZEN] 青U        ",¥ 380,【NM 在庫:42】
"
            【JP】■絵違い■《黒き剣のギデオン/Gideon Blackblade》[WAR] 白R        ",¥ 380,【NM 在庫:24】
"
            【JP】■絵違い■《世界を揺るがす者、ニッサ/Nissa, Who Shakes the World》[WAR] 緑R        ",¥ 980,【NM 在庫:25】
"
            【JP】■絵違い■《野獣の擁護者、ビビアン/Vivien, Champion of the Wilds》[WAR] 緑R        ",¥ 280,【NM 在庫:28】
"
            【JP】■絵違い■《伝承の収集者、タミヨウ/Tamiyo, Collector of Tales》[WAR] 金R        ",¥ 280,【NM 在庫:43】
"
            【JP】■絵違い■《時を解す者、テフェリー/Teferi, Time Raveler》[WAR] 金R        ","¥ 2,280",【NM 在庫:37】
"
            【JP】《黒き剣のギデオン/Gideon Blackblade》[WAR] 白R        ",¥ 180,【NM 在庫:49】
"
            【JP】《啓示の終焉/Finale of Revelation》[WAR] 青R        ",¥ 180,【NM 在庫:52】
"
            【JP】《神秘を操る者、ジェイス/Jace, Wielder of Mysteries》[WAR] 青R        ",¥ 180,【NM 在庫:81】
"
            【JP】《灯の分身/Spark Double》[WAR] 青R        ",¥ 180,【NM 在庫:46】
"
            【JP】《戦慄衆の将軍、リリアナ/Liliana, Dreadhorde General》[WAR] 黒R        ","¥ 1,080",【NM 在庫:16】
"
            【JP】《猪の祟神、イルハグ/Ilharg, the Raze-Boar》[WAR] 赤R        ",¥ 180,【NM 在庫:29】
"
            【JP】《破滅の終焉/Finale of Devastation》[WAR] 緑R        ",¥ 680,【NM 在庫:34】
"
            【JP】《時を解す者、テフェリー/Teferi, Time Raveler》[WAR] 金R        ","¥ 2,280",【NM 在庫:27】
"
            【JP】■絵違い■《覆いを割く者、ナーセット/Narset, Parter of Veils》[WAR] 青U        ",¥ 780,【NM 在庫:43】
"
            【JP】《どぶ骨/Gutterbones》[RNA] 黒R        ",¥ 380,【NM 在庫:18】
"
            【JP】《リックス・マーディの歓楽者/Rix Maadi Reveler》[RNA] 赤R        ",¥ 180,【NM 在庫:47】
"
            【EN】《スカルガンのヘルカイト/Skarrgan Hellkite》[RNA] 赤R        ",¥ 180,【NM 在庫:22】
"
            【JP】《スカルガンのヘルカイト/Skarrgan Hellkite》[RNA] 赤R        ",¥ 180,【NM 在庫:30】
"
            【JP】《吸収/Absorb》[RNA] 金R        ",¥ 180,【NM 在庫:28】
"
            【JP】《魔性/Bedevil》[RNA] 金R        ",¥ 180,【NM 在庫:41】
"
            【JP】《拘留代理人/Deputy of Detention》[RNA] 金R        ",¥ 280,【NM 在庫:12】
"
            【JP】《グルールの呪文砕き/Gruul Spellbreaker》[RNA] 金R        ",¥ 280,【NM 在庫:12】
"
            【JP】《ハイドロイド混成体/Hydroid Krasis》[RNA] 金R        ","¥ 1,180",【NM 在庫:25】
"
            【EN】《災いの歌姫、ジュディス/Judith, the Scourge Diva》[RNA] 金R        ",¥ 180,【NM 在庫:17】
"
            【JP】《災いの歌姫、ジュディス/Judith, the Scourge Diva》[RNA] 金R        ",¥ 180,【NM 在庫:39】
"
            【EN】《ケイヤの怒り/Kaya's Wrath》[RNA] 金R        ",¥ 180,【NM 在庫:17】
"
            【JP】《ケイヤの怒り/Kaya's Wrath》[RNA] 金R        ",¥ 180,【NM 在庫:40】
"
            【JP】《首席議長ヴァニファール/Prime Speaker Vannifar》[RNA] 金R        ",¥ 180,【NM 在庫:13】
"
            【EN】《希望の夜明け/Dawn of Hope》[GRN] 白R        ",¥ 180,【NM 在庫:46】
"
            【JP】《神聖な訪問/Divine Visitation》[GRN] 白R        ",¥ 580,【NM 在庫:23】
"
            【EN】《破滅を囁くもの/Doom Whisperer》[GRN] 黒R        ",¥ 380,【NM 在庫:16】
"
            【JP】《破滅を囁くもの/Doom Whisperer》[GRN] 黒R        ",¥ 380,【NM 在庫:16】
"
            【JP】《罰する火/Punishing Fire》[ZEN] 赤U        ",¥ 180,【NM 在庫:19】
"
            【EN】《探検の地図/Expedition Map》[ZEN] 茶C        ",¥ 380,【NM 在庫:32】
"
            【JP】《探検の地図/Expedition Map》[ZEN] 茶C        ",¥ 380,【NM 在庫:22】
"
            【JP】《時の篩/Time Sieve》[ARB] 金R        ",¥ 480,【NM 在庫:14】
"
            【EN】《精神の葬送/Mind Funeral》[ARB] 金U        ",¥ 180,【NM 在庫:16】
"
            【JP】《精神の葬送/Mind Funeral》[ARB] 金U        ",¥ 180,【NM 在庫:24】
"
            【JP】《死の男爵/Death Baron》[ALA] 黒R        ",¥ 180,【NM 在庫:12】
"
            【EN】《終わり無き地平線/Endless Horizons》[EVE] 白R        ",¥ 580,【NM 在庫:13】
"
            【EN】《死を運ぶ者のしもべ/Deathbringer Liege》[EVE] 混R        ",¥ 880,【NM 在庫:15】
"
            【JP】《傷の反射/Wound Reflection》[SHM] 黒R        ",¥ 780,【NM 在庫:14】
"
            【EN】《女王への懇願/Beseech the Queen》[SHM] 黒U        ",¥ 480,【NM 在庫:12】
"
            【JP】《悪名高き群れ/Notorious Throng》[MOR] 青R        ",¥ 280,【NM 在庫:12】
"
            【EN】《知覚食らい/Sensation Gorger》[MOR] 赤R        ",¥ 180,【NM 在庫:19】
"
            【JP】《棘噛みの杖/Thornbite Staff》[MOR] 茶U        ",¥ 280,【NM 在庫:18】
"
            【JP】《質素な命令/Austere Command》[LRW] 白R        ",¥ 280,【NM 在庫:11】
"
            【EN】《ボガートの悪ふざけ/Boggart Shenanigans》[LRW] 赤U        ",¥ 180,【NM 在庫:12】
"
            【EN】《思案/Ponder》[LRW] 青C        ",¥ 380,【NM 在庫:4】
"
            【EN】《濠の大魔術師/Magus of the Moat》[FUT] 白R        ",¥ 380,【NM 在庫:0】
"
            【JP】《不明の下降/Gibbering Descent》[FUT] 黒R        ",¥ 180,【NM 在庫:44】
"
            【JP】《黒き剣の継承者コーラシュ/Korlash, Heir to Blackblade》[FUT] 黒R        ",¥ 180,【NM 在庫:23】
"
            【JP】《論理の結び目/Logic Knot》[FUT] 青C        ",¥ 180,【NM 在庫:21】
"
            【JP】《再拘束/Retether》[PLC] 白R        ",¥ 180,【NM 在庫:20】
"
            【EN】《地壊し/Groundbreaker》[PLC] 緑R        ",¥ 380,【NM 在庫:11】
"
            【JP】《猿術/Pongify》[PLC] 青U        ",¥ 280,【NM 在庫:13】
"
            【JP】《冥界の裏切り者/Nether Traitor》[TSP] 黒R        ",¥ 580,【NM 在庫:15】
"
            【EN】《調和スリヴァー/Harmonic Sliver》[TSP] 金U        ",¥ 280,【NM 在庫:4】
"
            【EN】《明日への探索/Search for Tomorrow》[TSP] 緑C        ",¥ 180,【NM 在庫:30】
"
            【JP】《冷鉄の心臓/Coldsteel Heart》[CSP] 茶U        ",¥ 380,【NM 在庫:10】
"
            【EN】《冠雪の平地/Snow-Covered Plains》[CSP] 土地C        ",¥ 180,【NM 在庫:35】
"
            【JP】《冠雪の島/Snow-Covered Island》[CSP] 土地C        ",¥ 280,【NM 在庫:7】
"
            【EN】《冠雪の沼/Snow-Covered Swamp》[CSP] 土地C        ",¥ 180,【NM 在庫:23】
"
            【JP】《冠雪の沼/Snow-Covered Swamp》[CSP] 土地C        ",¥ 180,【NM 在庫:29】
"
            【EN】《冠雪の山/Snow-Covered Mountain》[CSP] 土地C        ",¥ 280,【NM 在庫:14】
"
            【JP】《冠雪の山/Snow-Covered Mountain》[CSP] 土地C        ",¥ 280,【NM 在庫:29】
"
            【EN】《不同の力線/Leyline of Singularity》[GPT] 青R        ",¥ 180,【NM 在庫:23】
"
            【JP】《土着のワーム/Autochthon Wurm》[RAV] 金R        ",¥ 480,【NM 在庫:8】
"
            【EN】《瓶詰めの回廊/Bottled Cloister》[RAV] 茶R        ",¥ 180,【NM 在庫:23】
"
            【JP】《手付かずの領土/Unclaimed Territory》[XLN] 土地U        ",¥ 180,【NM 在庫:59】
"
            【JP】《ラムナプの採掘者/Ramunap Excavator》[HOU] 緑R        ",¥ 280,【NM 在庫:31】
"
            【JP】《蝗の神/The Locust God》[HOU] 金R        ",¥ 480,【NM 在庫:18】
"
            【JP】《スカラベの神/The Scarab God》[HOU] 金R        ","¥ 1,580",【NM 在庫:9】
"
            【JP】《屍肉あさりの地/Scavenger Grounds》[HOU] 土地R        ",¥ 180,【NM 在庫:27】
"
            【JP】《選定された行進/Anointed Procession》[AKH] 白R        ",¥ 580,【NM 在庫:22】
"
            【JP】《栄光をもたらすもの/Glorybringer》[AKH] 赤R        ",¥ 380,【NM 在庫:38】
"
            【JP】《自然に仕える者、ニッサ/Nissa, Steward of Elements》[AKH] 金R        ",¥ 180,【NM 在庫:23】
"
            【JP】《異臭の池/Fetid Pools》[AKH] 土地R        ",¥ 380,【NM 在庫:10】
"
            【JP】《灌漑農地/Irrigated Farmland》[AKH] 土地R        ",¥ 280,【NM 在庫:42】
"
            【JP】《上級建設官、スラム/Sram, Senior Edificer》 [AER] 白R        ",¥ 480,【NM 在庫:15】
"
            【JP】《不許可/Disallow》 [AER] 青R        ",¥ 180,【NM 在庫:20】
"
            【JP】《英雄的介入/Heroic Intervention》[AER] 緑R        ",¥ 580,【NM 在庫:34】
"
            【JP】《産業の塔/Spire of Industry》[AER] 土地R        ",¥ 280,【NM 在庫:28】
"
            【JP】《致命的な一押し/Fatal Push》 [AER] 黒U        ",¥ 780,【NM 在庫:29】
"
            【EN】《奔流の機械巨人/Torrential Gearhulk》[KLD] 青R        ",¥ 580,【NM 在庫:12】
"
            【JP】《サヒーリ・ライ/Saheeli Rai》[KLD] 金R        ",¥ 280,【NM 在庫:7】
"
            【EN】《霊気貯蔵器/Aetherflux Reservoir》[KLD] 茶R        ",¥ 380,【NM 在庫:26】
"
            【JP】《霊気貯蔵器/Aetherflux Reservoir》[KLD] 茶R        ",¥ 180,【NM 在庫:40】
"
            【JP】《パンハモニコン/Panharmonicon》[KLD] 茶R        ",¥ 280,【NM 在庫:27】
"
            【JP】《植物の聖域/Botanical Sanctum》[KLD] 土地R        ",¥ 680,【NM 在庫:25】
"
            【JP】《秘密の中庭/Concealed Courtyard》[KLD] 土地R        ",¥ 480,【NM 在庫:25】
"
            【JP】《尖塔断の運河/Spirebluff Canal》[KLD] 土地R        ",¥ 880,【NM 在庫:31】
"
            【JP】《約束された終末、エムラクール/Emrakul, the Promised End》[EMN] 無R        ","¥ 2,880",【NM 在庫:21】
"
            【JP】《無私の霊魂/Selfless Spirit》[EMN] 白R        ",¥ 780,【NM 在庫:17】
"
            【JP】《霊廟の放浪者/Mausoleum Wanderer》[EMN] 青R        ",¥ 380,【NM 在庫:46】
"
            【JP】《墓所破り/Cryptbreaker》[EMN] 黒R        ",¥ 280,【NM 在庫:23】
"
            【JP】《最後の望み、リリアナ/Liliana, the Last Hope》[EMN] 黒R        ","¥ 3,280",【NM 在庫:15】
"
            【JP】《騒乱の歓楽者/Bedlam Reveler》[EMN] 赤R        ",¥ 380,【NM 在庫:33】
"
            【JP】《異界の進化/Eldritch Evolution》[EMN] 緑R        ",¥ 380,【NM 在庫:35】
"
            【JP】《墓後家蜘蛛、イシュカナ/Ishkanah, Grafwidow》[EMN] 緑R        ",¥ 180,【NM 在庫:43】
"
            【JP】《ネベルガストの伝令/Nebelgast Herald》[EMN] 青U        ",¥ 180,【NM 在庫:48】
"
            【JP】《鎖鳴らし/Rattlechains》[SOI] 青R        ",¥ 180,【NM 在庫:42】
"
            【JP】《煤の儀式/Ritual of Soot》[GRN] 黒R        ",¥ 180,【NM 在庫:38】
"
            【EN】《生皮収集家/Pelt Collector》[GRN] 緑R        ",¥ 180,【NM 在庫:8】
"
            【JP】《秋の騎士/Knight of Autumn》[GRN] 金R        ",¥ 280,【NM 在庫:19】
"
            【JP】《正気泥棒/Thief of Sanity》[GRN] 金R        ",¥ 180,【NM 在庫:38】
"
            【JP】《不和のトロスターニ/Trostani Discordant》[GRN] 金R        ",¥ 180,【NM 在庫:24】
"
            【JP】《漂流自我/Unmoored Ego》[GRN] 金R        ",¥ 180,【NM 在庫:53】
"
            【JP】《ゴルガリの女王、ヴラスカ/Vraska, Golgari Queen》[GRN] 金R        ",¥ 280,【NM 在庫:38】
"
            【JP】《黎明をもたらす者ライラ/Lyra Dawnbringer》[DOM] 白R        ",¥ 480,【NM 在庫:17】
"
            【JP】《豊潤の声、シャライ/Shalai, Voice of Plenty》[DOM] 白R        ",¥ 180,【NM 在庫:21】
"
            【EN】《鉄葉のチャンピオン/Steel Leaf Champion》[DOM] 緑R        ",¥ 380,【NM 在庫:22】
"
            【JP】《墓場波、ムルドローサ/Muldrotha, the Gravetide》[DOM] 金R        ",¥ 280,【NM 在庫:21】
"
            【JP】《モックス・アンバー/Mox Amber》[DOM] 茶R        ","¥ 2,180",【NM 在庫:13】
"
            【JP】《内陸の湾港/Hinterland Harbor》[DOM] 土地R        ",¥ 380,【NM 在庫:29】
"
            【JP】《孤立した礼拝堂/Isolated Chapel》[DOM] 土地R        ",¥ 380,【NM 在庫:23】
"
            【EN】《硫黄の滝/Sulfur Falls》[DOM] 土地R        ",¥ 380,【NM 在庫:30】
"
            【JP】《森林の墓地/Woodland Cemetery》[DOM] 土地R        ",¥ 280,【NM 在庫:56】
"
            【JP】《減衰球/Damping Sphere》[DOM] 茶U        ",¥ 280,【NM 在庫:25】
"
            【JP】《血染めの太陽/Blood Sun》[RIX] 赤R        ",¥ 280,【NM 在庫:24】
"
            【JP】《凶兆艦隊の向こう見ず/Dire Fleet Daredevil》[RIX] 赤R        ",¥ 180,【NM 在庫:25】
"
            【JP】《原初の飢え、ガルタ/Ghalta, Primal Hunger》[RIX] 緑R        ",¥ 680,【NM 在庫:13】
"
            【EN】《翡翠光のレインジャー/Jadelight Ranger》[RIX] 緑R        ",¥ 280,【NM 在庫:18】
"
            【JP】《翡翠光のレインジャー/Jadelight Ranger》[RIX] 緑R        ",¥ 280,【NM 在庫:35】
"
            【JP】《むら気な長剣歯/Wayward Swordtooth》[RIX] 緑R        ",¥ 380,【NM 在庫:16】
"
            【JP】《オラーズカの暴君、クメーナ/Kumena, Tyrant of Orazca》[RIX] 金R        ",¥ 180,【NM 在庫:31】
"
            【EN】《形成師の聖域/Shapers' Sanctuary》[XLN] 緑R        ",¥ 180,【NM 在庫:29】
"
            【JP】《形成師の聖域/Shapers' Sanctuary》[XLN] 緑R        ",¥ 180,【NM 在庫:49】
"
            【JP】《軍団の上陸/Legion's Landing》/《一番砦、アダント/Adanto, the First Fort》[XLN] 白R        ",¥ 180,【NM 在庫:42】
"
            【EN】■ショーケース■《インダサのトライオーム/Indatha Triome》[IKO-BF] 土地R        ",¥ 480,【NM 在庫:16】
"
            【JP】■ショーケース■《インダサのトライオーム/Indatha Triome》[IKO-BF] 土地R        ",¥ 480,【NM 在庫:58】
"
            【JP】《御霊の足跡/Footsteps of the Goryo》[SOK] 黒U        ",¥ 280,【NM 在庫:7】
"
            【EN】《留まらぬ発想/Ideas Unbound》[SOK] 青C        ",¥ 180,【NM 在庫:35】
"
            【JP】《留まらぬ発想/Ideas Unbound》[SOK] 青C        ",¥ 180,【NM 在庫:22】
"
            【EN】《生網明神/Myojin of Life's Web》[CHK] 緑R        ",¥ 380,【NM 在庫:0】
"
            【EN】《精神のくぐつ/Psychic Puppetry》[CHK] 青C        ",¥ 180,【NM 在庫:14】
"
            【JP】《精神のくぐつ/Psychic Puppetry》[CHK] 青C        ",¥ 180,【NM 在庫:37】
"
            【EN】《明日の標/Beacon of Tomorrows》[5DN] 青R        ",¥ 280,【NM 在庫:11】
"
            【EN】《オーリオックの廃品回収者/Auriok Salvagers》[5DN] 白U        ",¥ 280,【NM 在庫:21】
"
            【EN】《超次元レンズ/Extraplanar Lens》[MRD] 茶R        ","¥ 2,580",【NM 在庫:0】
"
            【JP】《クラークの親指/Krark's Thumb》[MRD] 茶R        ",¥ 380,【NM 在庫:11】
"
            【JP】《加工/Fabricate》[MRD] 青U        ",¥ 280,【NM 在庫:11】
"
            【EN】《爆片破/Shrapnel Blast》[MRD] 赤U        ",¥ 180,【NM 在庫:11】
"
            【EN】《森の占術/Sylvan Scrying》[MRD] 緑U        ",¥ 180,【NM 在庫:26】
"
            【JP】《発展のタリスマン/Talisman of Progress》[MRD] 茶U        ",¥ 580,【NM 在庫:14】
"
            【EN】《夢の掌握/Dream's Grip》[MRD] 青C        ",¥ 180,【NM 在庫:23】
"
            【JP】《夢の掌握/Dream's Grip》[MRD] 青C        ",¥ 180,【NM 在庫:15】
"
            【EN】《長期計画/Long-Term Plans》[SCG] 青U        ",¥ 180,【NM 在庫:13】
"
            【JP】《苦悶の触手/Tendrils of Agony》[SCG] 黒U        ",¥ 280,【NM 在庫:9】
"
            【EN】《宝石の手の焼却者/Gempalm Incinerator》[LGN] 赤U        ",¥ 180,【NM 在庫:15】
"
            【JP】《宝石の手の焼却者/Gempalm Incinerator》[LGN] 赤U        ",¥ 180,【NM 在庫:12】
"
            【EN】《黄金化/Aurification》[ONS] 白R        ",¥ 180,【NM 在庫:9】
"
            【EN】《荒廃の言葉/Words of Waste》[ONS] 黒R        ",¥ 180,【NM 在庫:0】
"
            【JP】《無情な死者/Relentless Dead》[SOI] 黒R        ",¥ 580,【NM 在庫:25】
"
            【JP】《ウルヴェンワルド横断/Traverse the Ulvenwald》[SOI] 緑R        ",¥ 380,【NM 在庫:21】
"
            【JP】《ウルヴェンワルドのハイドラ/Ulvenwald Hydra》[SOI] 緑R        ",¥ 180,【NM 在庫:29】
"
            【JP】《秘蔵の縫合体/Prized Amalgam》[SOI] 金R        ",¥ 380,【NM 在庫:29】
"
            【JP】《詰まった河口/Choked Estuary》[SOI] 土地R        ",¥ 180,【NM 在庫:13】
"
            【EN】《凶兆の廃墟/Foreboding Ruins》[SOI] 土地R        ",¥ 280,【NM 在庫:11】
"
            【EN】《要塞化した村/Fortified Village》[SOI] 土地R        ",¥ 180,【NM 在庫:16】
"
            【JP】《獲物道/Game Trail》[SOI] 土地R        ",¥ 180,【NM 在庫:22】
"
            【JP】《港町/Port Town》[SOI] 土地R        ",¥ 180,【NM 在庫:30】
"
            【JP】《氷の中の存在/Thing in the Ice》/《目覚めた恐怖/Awoken Horror》[SOI] 青R        ",¥ 780,【NM 在庫:18】
"
            【JP】《エルドラージのミミック/Eldrazi Mimic》[OGW] 無R        ",¥ 180,【NM 在庫:56】
"
            【JP】《大いなる歪み、コジレック/Kozilek, the Great Distortion》[OGW] 無R        ",¥ 280,【NM 在庫:0】
"
            【JP】《作り変えるもの/Matter Reshaper》[OGW] 無R        ",¥ 280,【NM 在庫:27】
"
            【JP】《真実を覆すもの/Inverter of Truth》[OGW] 黒R        ",¥ 480,【NM 在庫:89】
"
            【JP】《ゲトの裏切り者、カリタス/Kalitas, Traitor of Ghet》[OGW] 黒R        ","¥ 1,780",【NM 在庫:13】
"
            【JP】《コジレックの帰還/Kozilek's Return》[OGW] 赤R        ",¥ 180,【NM 在庫:40】
"
            【JP】《世界を壊すもの/World Breaker》[OGW] 緑R        ",¥ 280,【NM 在庫:37】
"
            【JP】《ゼンディカーの代弁者、ニッサ/Nissa, Voice of Zendikar》[OGW] 緑R        ",¥ 280,【NM 在庫:38】
"
            【JP】《忘却蒔き/Oblivion Sower》[BFZ] 無R        ",¥ 180,【NM 在庫:51】
"
            【JP】《マラキールの解放者、ドラーナ/Drana, Liberator of Malakir》[BFZ] 黒R        ",¥ 180,【NM 在庫:33】
"
            【JP】《雷破の執政/Thunderbreak Regent》[DTK] 赤R        ",¥ 180,【NM 在庫:36】
"
            【JP】《狩猟の統率者、スーラク/Surrak, the Hunt Caller》[DTK] 緑R        ",¥ 280,【NM 在庫:31】
"
            【JP】《龍王ドロモカ/Dragonlord Dromoka》[DTK] 金R        ",¥ 780,【NM 在庫:20】
"
            【JP】《ドロモカの命令/Dromoka's Command》[DTK] 金R        ",¥ 180,【NM 在庫:24】
"
            【JP】《卓絶のナーセット/Narset Transcendent》[DTK] 金R        ",¥ 380,【NM 在庫:19】
"
            【JP】《僧院の導師/Monastery Mentor》[FRF] 白R        ","¥ 2,080",【NM 在庫:5】
"
            【EN】■ショーケース■《ラウグリンのトライオーム/Raugrin Triome》[IKO-BF] 土地R        ",¥ 580,【NM 在庫:14】
"
            【EN】■ショーケース■《ゼイゴスのトライオーム/Zagoth Triome》[IKO-BF] 土地R        ",¥ 480,【NM 在庫:16】
"
            【JP】■ショーケース■《ゼイゴスのトライオーム/Zagoth Triome》[IKO-BF] 土地R        ",¥ 380,【NM 在庫:34】
"
            【JP】■拡張アート■《ネスロイの神話/Mythos of Nethroi》[IKO-BF] 黒R        ",¥ 180,【NM 在庫:15】
"
            【JP】■拡張アート■《奇妙な根本原理/Eerie Ultimatum》[IKO-BF] 金R        ",¥ 180,【NM 在庫:17】
"
            【JP】■拡張アート■《集めるもの、ウモーリ/Umori, the Collector》[IKO-BF] 混R        ",¥ 180,【NM 在庫:14】
"
            【JP】■拡張アート■《空を放浪するもの、ヨーリオン/Yorion, Sky Nomad》[IKO-BF] 混R        ",¥ 780,【NM 在庫:12】
"
            【JP】■拡張アート■《オゾリス/The Ozolith》[IKO-BF] 茶R        ",¥ 380,【NM 在庫:15】
"
            【JP】■拡張アート■《眷者の居留地/Bonders' Enclave》[IKO-BF] 土地R        ",¥ 180,【NM 在庫:14】
"
            【JP】《完全生命体、デストロイア/Destoroyah, Perfect Lifeform》[IKO-BF] 赤R        ",¥ 180,【NM 在庫:19】
"
            【JP】《逃れ得ぬ災厄、ゴジラ/Godzilla, Doom Inevitable》[IKO-BF] 赤R        ",¥ 680,【NM 在庫:16】
"
            【JP】《装甲暴龍、アンギラス/Anguirus, Armored Killer》[IKO-BF] 緑R        ",¥ 180,【NM 在庫:27】
"
            【JP】《伝説怪獣、キングシーサー/King Caesar, Awoken Titan》[IKO-BF] 金R        ",¥ 480,【NM 在庫:5】
"
            【JP】《翼竜怪獣、ラドン/Rodan, Titan of Winged Fury》[IKO-BF] 金R        ",¥ 780,【NM 在庫:10】
"
            【JP】《鎌爪の未来怪獣、ガイガン/Gigan, Cyberclaw Terror》[IKO-BF] 混R        ",¥ 480,【NM 在庫:14】
"
            【JP】《暗黒破壊獣、バトラ/Battra, Dark Destroyer》[IKO-BF] 黒R        ","¥ 1,080",【NM 在庫:31】
"
            【JP】《決戦兵器、メカゴジラ/Mechagodzilla, the Weapon》[IKO-BF] 茶R        ","¥ 1,480",【NM 在庫:11】
"
            【JP】■初版■《虚空の侵略者、スペースゴジラ/Spacegodzilla, Void Invader》[IKO-BF] 黒U        ",¥ 480,【NM 在庫:69】
"
            【JP】《太陽冠のヘリオッド/Heliod, Sun-Crowned》[THB] 白R        ","¥ 1,280",【NM 在庫:9】
"
            【EN】《空の粉砕/Shatter the Sky》[THB] 白R        ",¥ 380,【NM 在庫:50】
"
            【JP】《空の粉砕/Shatter the Sky》[THB] 白R        ",¥ 380,【NM 在庫:33】
"
            【JP】《キオーラ、海神を打ち倒す/Kiora Bests the Sea God》[THB] 青R        ",¥ 180,【NM 在庫:28】
"
            【JP】《深海住まいのタッサ/Thassa, Deep-Dwelling》[THB] 青R        ",¥ 980,【NM 在庫:16】
"
            【JP】《タッサの神託者/Thassa's Oracle》[THB] 青R        ",¥ 580,【NM 在庫:37】
"
            【JP】《悲哀の徘徊者/Woe Strider》[THB] 黒R        ",¥ 280,【NM 在庫:14】
"
            【JP】《アゴナスの雄牛/Ox of Agonas》[THB] 赤R        ",¥ 480,【NM 在庫:23】
"
            【EN】《灰のフェニックス/Phoenix of Ash》[THB] 赤R        ",¥ 180,【NM 在庫:30】
"
            【JP】《灰のフェニックス/Phoenix of Ash》[THB] 赤R        ",¥ 280,【NM 在庫:24】
"
            【JP】《死の国からの脱出/Underworld Breach》[THB] 赤R        ",¥ 180,【NM 在庫:35】
"
            【JP】《イリーシア木立のドライアド/Dryad of the Ilysian Grove》[THB] 緑R        ",¥ 380,【NM 在庫:40】
"
            【JP】《鋭い目、ナイレア/Nylea, Keen-Eyed》[THB] 緑R        ",¥ 180,【NM 在庫:21】
"
            【JP】■ショーケース■《ケトリアのトライオーム/Ketria Triome》[IKO-BF] 土地R        ",¥ 380,【NM 在庫:56】
"
            【JP】■ショーケース■《ラウグリンのトライオーム/Raugrin Triome》[IKO-BF] 土地R        ",¥ 480,【NM 在庫:84】
"
            【JP】■拡張アート■《死の飢えのタイタン、クロクサ/Kroxa, Titan of Death's Hunger》[THB-BF] 金R        ","¥ 3,780",【NM 在庫:29】
"
            【JP】■拡張アート■《自然の怒りのタイタン、ウーロ/Uro, Titan of Nature's Wrath》[THB-BF] 金R        ","¥ 7,980",【NM 在庫:38】
"
            【EN】《厚かましい借り手/Brazen Borrower》[ELD] 青R        ","¥ 2,680",【NM 在庫:17】
"
            【JP】《絶え間ない飢餓、ウラモグ/Ulamog, the Ceaseless Hunger》[BFZ] 無R        ","¥ 2,580",【NM 在庫:15】
"
            【EN】《陰謀団の貴重品室/Cabal Coffers》[TOR] 土地U        ","¥ 4,780",【NM 在庫:0】
"
            【EN】《食物連鎖/Food Chain》[MMQ] 緑R        ","¥ 4,780",【NM 在庫:5】
"
            【EN】《スリヴァーの女王/Sliver Queen》[STH] 金R        ","¥ 8,980",【NM 在庫:0】
"
            【EN】《Helm of Obedience》[ALL] 茶R        ","¥ 2,980",【NM 在庫:0】
"
            【EN】《Thought Lash》[ALL] 青R        ","¥ 1,280",【NM 在庫:6】
"
            【JP】《ヴェールのリリアナ/Liliana of the Veil》[UMA] 黒R        ","¥ 6,280",【NM 在庫:6】
"
            【EN】《カラカス/Karakas》[UMA] 土地R        ","¥ 2,480",【NM 在庫:5】
"
            【EN】《テフェリーの防御/Teferi's Protection》[MB1] 白R        ","¥ 2,380",【NM 在庫:0】
"
            【EN】《召し上げ/Expropriate》[MB1] 青R        ","¥ 1,680",【NM 在庫:9】
"
            【EN】《野生の心、セルヴァラ/Selvala, Heart of the Wilds》[MB1] 緑R        ","¥ 1,780",【NM 在庫:7】
"
            ウルトラ・プロ MTG プレイマット 《Black Lotus》 P0876        ","¥ 2,980",【在庫:40】
"
            ウルトラ・プロ MTG プレイマット 灯争大戦 日本オリジナルアート《世界を揺るがす者、ニッサ》 P1020        ","¥ 2,480",【在庫:14】
"
            ウルトラ・プロ MTG プレイマット 灯争大戦 日本オリジナルアート《覆いを割く者、ナーセット》 P1022        ","¥ 2,480",【在庫:10】
"
            ウルトラ・プロ MTGデッキプロテクター 《Black Lotus》 100枚入り        ",¥ 980,【在庫:46】
"
            MTGS-114 エンスカイ プレイヤーズカードスリーブ   『灯争大戦』ステンドグラス 《戦慄衆の将軍、リリアナ》 80枚入り        ",¥ 780,【在庫:7】
"
            MTGS-115 エンスカイ プレイヤーズカードスリーブ   『灯争大戦』ステンドグラス 《世界を揺るがす者、ニッサ》 80枚入り        ",¥ 780,【在庫:16】
"
            ウルトラ・プロ MTG ウォールスクロール 灯争大戦 ステンドグラス《戦慄衆の将軍、リリアナ》        ","¥ 2,480",【在庫:8】
"
            ウルトラ・プロ MTG ウォールスクロール 灯争大戦 ステンドグラス《世界を揺るがす者、ニッサ》        ","¥ 2,480",【在庫:7】
"
            【JP】《光明の繁殖蛾/Luminous Broodmoth》[IKO] 白R        ",¥ 580,【NM 在庫:18】
"
            【EN】《海駆けダコ/Sea-Dasher Octopus》[IKO] 青R        ",¥ 180,【NM 在庫:39】
"
            【JP】《海駆けダコ/Sea-Dasher Octopus》[IKO] 青R        ",¥ 180,【NM 在庫:5】
"
            【EN】《サメ台風/Shark Typhoon》[IKO] 青R        ",¥ 780,【NM 在庫:20】
"
            【JP】《サメ台風/Shark Typhoon》[IKO] 青R        ",¥ 680,【NM 在庫:24】
"
            【JP】《怪物の代言者、ビビアン/Vivien, Monsters' Advocate》[IKO] 緑R        ",¥ 580,【NM 在庫:19】
"
            【EN】《ドラニスのクードロ将軍/General Kudro of Drannith》[IKO] 金R        ",¥ 280,【NM 在庫:7】
"
            【JP】《ニクス咲きの古きもの/Nyxbloom Ancient》[THB] 緑R        ",¥ 580,【NM 在庫:30】
"
            【JP】《悪夢の詩神、アショク/Ashiok, Nightmare Muse》[THB] 金R        ",¥ 580,【NM 在庫:15】
"
            【JP】《ニクスの睡蓮/Nyx Lotus》[THB] 茶R        ",¥ 180,【NM 在庫:43】
"
            【JP】《影槍/Shadowspear》[THB] 茶R        ",¥ 380,【NM 在庫:20】
"
            【EN】《欺瞞の神殿/Temple of Deceit》[THB] 土地R        ",¥ 180,【NM 在庫:27】
"
            【JP】《欺瞞の神殿/Temple of Deceit》[THB] 土地R        ",¥ 180,【NM 在庫:29】
"
            【EN】《啓蒙の神殿/Temple of Enlightenment》[THB] 土地R        ",¥ 180,【NM 在庫:18】
"
            【JP】《ヴェリュス山の恐怖/Terror of Mount Velus》[THB-BF] 赤R        ",¥ 280,【NM 在庫:76】
"
            【JP】■拡張アート■《太陽の宿敵、エルズペス/Elspeth, Sun's Nemesis》[THB-BF] 白R        ",¥ 280,【NM 在庫:70】
"
            【JP】■拡張アート■《悪夢の詩神、アショク/Ashiok, Nightmare Muse》[THB-BF] 金R        ",¥ 480,【NM 在庫:84】
"
            【JP】■星座■《太陽冠のヘリオッド/Heliod, Sun-Crowned》[THB-BF] 白R        ","¥ 1,180",【NM 在庫:60】
"
            【JP】■星座■《深海住まいのタッサ/Thassa, Deep-Dwelling》[THB-BF] 青R        ",¥ 980,【NM 在庫:66】
"
            【JP】■星座■《青銅血のパーフォロス/Purphoros, Bronze-Blooded》[THB-BF] 赤R        ",¥ 180,【NM 在庫:63】
"
            【JP】■星座■《運命の神、クローティス/Klothys, God of Destiny》[THB-BF] 金R        ",¥ 780,【NM 在庫:44】
"
            【JP】■拡張アート■《ヘリオッドの介入/Heliod's Intervention》[THB-BF] 白R        ",¥ 180,【NM 在庫:44】
"
            【JP】■拡張アート■《牧歌的な教示者/Idyllic Tutor》[THB-BF] 白R        ",¥ 180,【NM 在庫:32】
"
            【JP】■拡張アート■《空の粉砕/Shatter the Sky》[THB-BF] 白R        ",¥ 580,【NM 在庫:54】
"
            【JP】■拡張アート■《タッサの神託者/Thassa's Oracle》[THB-BF] 青R        ",¥ 680,【NM 在庫:26】
"
            【JP】■拡張アート■《悲哀の徘徊者/Woe Strider》[THB-BF] 黒R        ",¥ 280,【NM 在庫:43】
"
            【JP】■拡張アート■《アゴナスの雄牛/Ox of Agonas》[THB-BF] 赤R        ",¥ 480,【NM 在庫:46】
"
            【JP】■拡張アート■《灰のフェニックス/Phoenix of Ash》[THB-BF] 赤R        ",¥ 180,【NM 在庫:14】
"
            【JP】■拡張アート■《死の国からの脱出/Underworld Breach》[THB-BF] 赤R        ",¥ 280,【NM 在庫:32】
"
            【JP】■拡張アート■《イリーシア木立のドライアド/Dryad of the Ilysian Grove》[THB-BF] 緑R        ",¥ 580,【NM 在庫:36】
"
            【JP】■拡張アート■《ニクス咲きの古きもの/Nyxbloom Ancient》[THB-BF] 緑R        ",¥ 780,【NM 在庫:25】
"
            【JP】■拡張アート■《夢さらい/Dream Trawler》[THB-BF] 金R        ",¥ 380,【NM 在庫:41】
"
            【JP】■拡張アート■《終わりなき踊りのガリア/Gallia of the Endless Dance》[THB-BF] 金R        ",¥ 180,【NM 在庫:31】
"
            【JP】■拡張アート■《鎖を解かれしもの、ポルクラノス/Polukranos, Unchained》[THB-BF] 金R        ",¥ 480,【NM 在庫:47】
"
            【JP】■拡張アート■《ニクスの睡蓮/Nyx Lotus》[THB-BF] 茶R        ",¥ 180,【NM 在庫:17】
"
            【JP】《ドラニスのクードロ将軍/General Kudro of Drannith》[IKO] 金R        ",¥ 180,【NM 在庫:14】
"
            【EN】《願いの頂点、イルーナ/Illuna, Apex of Wishes》[IKO] 金R        ",¥ 180,【NM 在庫:16】
"
            【JP】《願いの頂点、イルーナ/Illuna, Apex of Wishes》[IKO] 金R        ",¥ 180,【NM 在庫:27】
"
            【JP】《眷者の神童、キナン/Kinnan, Bonder Prodigy》[IKO] 金R        ",¥ 380,【NM 在庫:15】
"
            【JP】《古き道のナーセット/Narset of the Ancient Way》[IKO] 金R        ",¥ 380,【NM 在庫:17】
"
            【EN】《死の頂点、ネスロイ/Nethroi, Apex of Death》[IKO] 金R        ",¥ 280,【NM 在庫:20】
"
            【JP】《死の頂点、ネスロイ/Nethroi, Apex of Death》[IKO] 金R        ",¥ 180,【NM 在庫:26】
"
            【EN】《常智のリエール/Rielle, the Everwise》[IKO] 金R        ",¥ 280,【NM 在庫:16】
"
            【JP】《オゾリス/The Ozolith》[IKO] 茶R        ",¥ 180,【NM 在庫:31】
"
            【EN】《インダサのトライオーム/Indatha Triome》[IKO] 土地R        ",¥ 280,【NM 在庫:40】
"
            【JP】《インダサのトライオーム/Indatha Triome》[IKO] 土地R        ",¥ 280,【NM 在庫:12】
"
            【JP】《ケトリアのトライオーム/Ketria Triome》[IKO] 土地R        ",¥ 380,【NM 在庫:41】
"
            【EN】《ラウグリンのトライオーム/Raugrin Triome》[IKO] 土地R        ",¥ 480,【NM 在庫:10】
"
            【JP】《ラウグリンのトライオーム/Raugrin Triome》[IKO] 土地R        ",¥ 480,【NM 在庫:39】
"
            【EN】《ゼイゴスのトライオーム/Zagoth Triome》[IKO] 土地R        ",¥ 380,【NM 在庫:39】
"
            【JP】《ゼイゴスのトライオーム/Zagoth Triome》[IKO] 土地R        ",¥ 380,【NM 在庫:57】
"
            【EN】《無情な行動/Heartless Act》[IKO] 黒U        ",¥ 180,【NM 在庫:56】
"
            【JP】《無情な行動/Heartless Act》[IKO] 黒U        ",¥ 180,【NM 在庫:92】
"
            【JP】■ショーケース■《銅纏いののけ者、ルーカ/Lukka, Coppercoat Outcast》[IKO-BF] 赤R        ",¥ 580,【NM 在庫:16】
"
            【JP】■ショーケース■《怪物の代言者、ビビアン/Vivien, Monsters' Advocate》[IKO-BF] 緑R        ",¥ 580,【NM 在庫:62】
"
            【EN】■ショーケース■《古き道のナーセット/Narset of the Ancient Way》[IKO-BF] 金R        ",¥ 480,【NM 在庫:20】
"
            【JP】■ショーケース■《古き道のナーセット/Narset of the Ancient Way》[IKO-BF] 金R        ",¥ 280,【NM 在庫:54】
"
            【EN】■ショーケース■《海駆けダコ/Sea-Dasher Octopus》[IKO-BF] 青R        ",¥ 180,【NM 在庫:43】
"
            【JP】■ショーケース■《海駆けダコ/Sea-Dasher Octopus》[IKO-BF] 青R        ",¥ 180,【NM 在庫:15】
"
            【EN】■ショーケース■《死の頂点、ネスロイ/Nethroi, Apex of Death》[IKO-BF] 金R        ",¥ 180,【NM 在庫:15】
"
            【JP】■ショーケース■《死の頂点、ネスロイ/Nethroi, Apex of Death》[IKO-BF] 金R        ",¥ 180,【NM 在庫:12】
"
            【EN】■ショーケース■《雷の頂点、ヴァドロック/Vadrok, Apex of Thunder》[IKO-BF] 金R        ",¥ 180,【NM 在庫:22】
"
            【JP】■ショーケース■《雷の頂点、ヴァドロック/Vadrok, Apex of Thunder》[IKO-BF] 金R        ",¥ 180,【NM 在庫:33】
"
            【EN】《サファイアの大メダル/Sapphire Medallion》[TMP] 茶R        ","¥ 1,280",【NM 在庫:13】
"
            【EN】《ゴブリンの砲撃/Goblin Bombardment》[TMP] 赤U        ",¥ 280,【NM 在庫:0】
"
            【EN】《有角スリヴァー/Horned Sliver》[TMP] 緑U        ",¥ 280,【NM 在庫:0】
"
            【EN】《プロパガンダ/Propaganda》[TMP] 青U        ",¥ 380,【NM 在庫:0】
"
            【EN】《刈り取り/Reap》[TMP] 緑U        ",¥ 180,【NM 在庫:0】
"
            【EN】《ゴブリン爆弾/Goblin Bomb》[WTH] 赤R        ",¥ 280,【NM 在庫:0】
"
            【EN】《吐息の盗人の墓所/Breathstealer's Crypt》[VIS] 金R        ",¥ 280,【NM 在庫:13】
"
            【EN】《弱者の報復/Retribution of the Meek》[VIS] 白R        ",¥ 280,【NM 在庫:0】
"
            【JP】《クウィリーオン・レインジャー/Quirion Ranger》[VIS] 緑C        ",¥ 180,【NM 在庫:8】
"
            【EN】《墓石の階段/Tombstone Stairwell》[MIR] 黒R        ",¥ 280,【NM 在庫:12】
"
            【EN】《悟りの教示者/Enlightened Tutor》[MIR] 白U        ","¥ 2,780",【NM 在庫:8】
"
            【EN】《神秘の教示者/Mystical Tutor》[MIR] 青U        ","¥ 1,280",【NM 在庫:0】
"
            【EN】《Shield Sphere》[ALL] 茶U        ",¥ 180,【NM 在庫:9】
"
            【EN】《Glacial Chasm》[ICE] 土地U        ",¥ 280,【NM 在庫:8】
"
            【EN】《紅蓮破/Pyroblast》[ICE] 赤C        ",¥ 280,【NM 在庫:0】
"
            【EN】《Angus Mackenzie》[LEG] 金R        ","¥ 12,980",【NM 在庫:0】
"
            【EN】《Diamond Valley》[ARN] 土地U        ","¥ 30,000",【NM 在庫:2】
"
            【JP】《疎外/Isolate》[M19] 白R        ",¥ 180,【NM 在庫:51】
"
            【JP】《練達飛行機械職人、サイ/Sai, Master Thopterist》[M19] 青R        ",¥ 380,【NM 在庫:31】
"
            【EN】《至高の幻影/Supreme Phantom》[M19] 青R        ",¥ 280,【NM 在庫:33】
"
            【JP】《至高の幻影/Supreme Phantom》[M19] 青R        ",¥ 380,【NM 在庫:11】
"
            【JP】《死の男爵/Death Baron》[M19] 黒R        ",¥ 180,【NM 在庫:43】
"
            【JP】《墓地の司令官/Graveyard Marshal》[M19] 黒R        ",¥ 180,【NM 在庫:24】
"
            【EN】《縫い師への供給者/Stitcher's Supplier》[M19] 黒U        ",¥ 480,【NM 在庫:12】
"
            【JP】《縫い師への供給者/Stitcher's Supplier》[M19] 黒U        ",¥ 380,【NM 在庫:45】
"
            【JP】《白蘭の騎士/Knight of the White Orchid》[ORI] 白R        ",¥ 280,【NM 在庫:39】
"
            【JP】《ニクスの星原/Starfield of Nyx》[ORI] 白R        ",¥ 580,【NM 在庫:9】
"
            【JP】《ケラル砦の修道院長/Abbot of Keral Keep》[ORI] 赤R        ",¥ 180,【NM 在庫:79】
"
            【JP】《極上の炎技/Exquisite Firecraft》[ORI] 赤R        ",¥ 180,【NM 在庫:37】
"
            【JP】《アルハマレットの書庫/Alhammarret's Archive》[ORI] 茶R        ",¥ 280,【NM 在庫:0】
"
            【JP】《搭載歩行機械/Hangarback Walker》[ORI] 茶R        ",¥ 580,【NM 在庫:21】
"
            【JP】《アクロスの英雄、キテオン/Kytheon, Hero of Akros》/《歴戦の戦士、ギデオン/Gideon, Battle-Forged》[ORI] 白R        ",¥ 480,【NM 在庫:13】
"
            【JP】《精霊信者の剣/Sword of the Animist》[ORI] 茶R        ",¥ 180,【NM 在庫:41】
"
            【JP】《ラノワールの荒原/Llanowar Wastes》[ORI] 土地R        ",¥ 180,【NM 在庫:78】
"
            【JP】《シヴの浅瀬/Shivan Reef》[ORI] 土地R        ",¥ 280,【NM 在庫:87】
"
            【JP】《ヤヴィマヤの沿岸/Yavimaya Coast》[ORI] 土地R        ",¥ 180,【NM 在庫:46】
"
            【JP】《ヴリンの神童、ジェイス/Jace, Vryn's Prodigy》/《束縛なきテレパス、ジェイス/Jace, Telepath Unbound》[ORI] 青R        ","¥ 2,580",【NM 在庫:15】
"
            【JP】《異端の癒し手、リリアナ/Liliana, Heretical Healer》/《反抗する屍術師、リリアナ/Liliana, Defiant Necromancer》[ORI] 黒R        ",¥ 780,【NM 在庫:16】
"
            【JP】《巨森の予見者、ニッサ/Nissa, Vastwood Seer》/《精霊信者の賢人、ニッサ/Nissa, Sage Animist》[ORI] 緑R        ",¥ 380,【NM 在庫:12】
"
            【JP】《不動のアジャニ/Ajani Steadfast》[M15] 白R        ",¥ 280,【NM 在庫:15】
"
            【JP】《無駄省き/Waste Not》[M15] 黒R        ",¥ 380,【NM 在庫:10】
"
            【JP】《頂点捕食者、ガラク/Garruk, Apex Predator》[M15] 金R        ",¥ 180,【NM 在庫:16】
"
            【JP】《危険な櫃/Perilous Vault》[M15] 茶R        ",¥ 580,【NM 在庫:13】
"
            【JP】《シヴの浅瀬/Shivan Reef》[M15] 土地R        ",¥ 280,【NM 在庫:42】
"
            【JP】《ヤヴィマヤの沿岸/Yavimaya Coast》[M15] 土地R        ",¥ 280,【NM 在庫:29】
"
            【JP】《アーティファクトの魂込め/Ensoul Artifact》[M15] 青U        ",¥ 280,【NM 在庫:40】
"
            【JP】《爆片破/Shrapnel Blast》[M15] 赤U        ",¥ 180,【NM 在庫:49】
"
            【EN】《トーモッドの墓所/Tormod's Crypt》[M15] 茶U        ",¥ 180,【NM 在庫:8】
"
            【JP】《トーモッドの墓所/Tormod's Crypt》[M15] 茶U        ",¥ 180,【NM 在庫:14】
"
            【JP】《鬼斬の聖騎士/Fiendslayer Paladin》[M14] 白R        ",¥ 180,【NM 在庫:24】
"
            【JP】《生命散らしのゾンビ/Lifebane Zombie》[M14] 黒R        ",¥ 180,【NM 在庫:24】
"
            【JP】《漁る軟泥/Scavenging Ooze》[M14] 緑R        ",¥ 780,【NM 在庫:8】
"
            【JP】《スラーグ牙/Thragtusk》[M13] 緑R        ",¥ 180,【NM 在庫:21】
"
            【JP】《流転の護符/Quicksilver Amulet》[M12] 茶R        ",¥ 180,【NM 在庫:12】
"
            【JP】《霊魂のマントル/Spirit Mantle》[M12] 白U        ",¥ 180,【NM 在庫:20】
"
            【EN】《小悪疫/Smallpox》[M12] 黒U        ",¥ 180,【NM 在庫:15】
"
            【JP】《小悪疫/Smallpox》[M12] 黒U        ",¥ 180,【NM 在庫:21】
"
            【EN】《集団意識/Hive Mind》[M10] 青R        ",¥ 180,【NM 在庫:25】
"
            【JP】《集団意識/Hive Mind》[M10] 青R        ",¥ 180,【NM 在庫:18】
"
            【EN】《エルフの笛吹き/Elvish Piper》[M10] 緑R        ",¥ 180,【NM 在庫:0】
